id,first_name,last_name,email,gender,ip_address,age
1,Mead,Brigman,mbrigman0@webmd.com,Female,74.41.160.240,83
2,Gav,Korbmaker,gkorbmaker1@dion.ne.jp,Male,209.119.1.94,47
3,Ivett,Hafford,ihafford2@buzzfeed.com,Female,43.197.183.241,60
4,Frans,Chevis,fchevis3@opera.com,Male,79.195.169.55,60
5,Antony,Candey,acandey4@cyberchimps.com,Male,63.171.125.45,68
6,Alyse,Ebbings,aebbings5@tinyurl.com,Female,141.87.249.55,69
7,Beverie,Fabbro,bfabbro6@last.fm,Female,252.124.231.36,71
8,Maurene,Bursnoll,mbursnoll7@ehow.com,Female,209.230.93.139,49
9,Barn,Corzon,bcorzon8@pinterest.com,Genderqueer,164.31.12.252,29
10,Kort,McAmish,kmcamish9@hhs.gov,Male,173.125.17.160,28
11,Alanna,Di Francecshi,adifrancecshia@amazon.co.jp,Female,137.77.179.44,18
12,Lisle,MacCleod,lmaccleodb@pagesperso-orange.fr,Male,50.27.185.246,28
13,Forster,Terbruggen,fterbruggenc@liveinternet.ru,Male,208.183.25.160,59
14,Valentin,Simoncini,vsimoncinid@howstuffworks.com,Male,6.215.99.26,35
15,Mannie,Priestman,mpriestmane@google.pl,Male,213.148.82.21,92
16,Dyan,Kopf,dkopff@ebay.com,Female,115.74.15.34,87
17,Ede,Casterou,ecasteroug@fastcompany.com,Female,43.217.241.86,58
18,Bary,O'Loughlin,boloughlinh@ebay.com,Male,192.134.26.199,70
19,Oren,Bockings,obockingsi@skype.com,Male,103.213.74.254,64
20,Temple,Weatherhill,tweatherhillj@aboutads.info,Male,158.56.231.252,24
21,Ailey,Kisbey,akisbeyk@deviantart.com,Female,198.228.80.89,62
22,Shana,Dadds,sdaddsl@ucsd.edu,Female,251.78.234.82,90
23,Tuckie,Jerzykiewicz,tjerzykiewiczm@reference.com,Male,249.40.141.241,81
24,Sybil,Bytheway,sbythewayn@mit.edu,Bigender,105.143.4.198,72
25,Gonzales,Donald,gdonaldo@google.ca,Genderfluid,3.119.142.50,51
26,Hetty,Bryett,hbryettp@redcross.org,Female,4.34.250.167,61
27,Pat,Matussov,pmatussovq@nps.gov,Male,185.200.133.77,31
28,Merle,Splain,msplainr@constantcontact.com,Bigender,238.48.99.15,34
29,Ahmed,Swinford,aswinfords@shop-pro.jp,Male,68.163.110.120,26
30,Felice,Betjes,fbetjest@gov.uk,Male,188.188.239.47,12
31,Adena,Ahrens,aahrensu@discovery.com,Female,231.81.57.53,11
32,Carny,Ferrari,cferrariv@utexas.edu,Male,56.233.77.26,91
33,York,Schubuser,yschubuserw@flavors.me,Male,129.31.30.157,36
34,Leroi,Clipsham,lclipshamx@tinypic.com,Male,162.107.208.196,62
35,Rosemary,Milbank,rmilbanky@home.pl,Female,130.92.211.195,64
36,Jamaal,Dutson,jdutsonz@geocities.jp,Genderfluid,145.96.144.192,46
37,Kilian,Porter,kporter10@google.com,Male,137.59.195.98,29
38,Aldous,Buckley,abuckley11@weibo.com,Male,89.213.39.9,79
39,Hodge,Howman,hhowman12@nymag.com,Male,20.225.11.123,89
40,Wash,Shinton,wshinton13@google.co.uk,Male,39.9.248.62,23
41,Lonee,Maxstead,lmaxstead14@nifty.com,Female,24.242.193.43,56
42,Fidole,Dreschler,fdreschler15@gmpg.org,Male,206.150.86.224,63
43,Merl,Lile,mlile16@deviantart.com,Female,123.132.102.67,88
44,Hermann,Mikalski,hmikalski17@multiply.com,Male,153.227.107.9,55
45,Carlin,Heaffey,cheaffey18@unc.edu,Male,130.204.148.20,7
46,Mandi,Hammonds,mhammonds19@comcast.net,Female,19.138.170.148,75
47,Lanny,Fackrell,lfackrell1a@wordpress.com,Male,115.169.251.87,84
48,Loria,Mowsdale,lmowsdale1b@elpais.com,Female,112.186.0.103,29
49,Diandra,Honack,dhonack1c@thetimes.co.uk,Female,166.201.118.231,88
50,Timi,Thomas,tthomas1d@pinterest.com,Female,188.255.120.3,7
51,Nickolaus,Habershaw,nhabershaw1e@senate.gov,Male,78.13.35.125,8
52,Terri-jo,Croft,tcroft1f@symantec.com,Female,111.213.159.102,39
53,Herta,Dougharty,hdougharty1g@tinyurl.com,Female,222.9.135.161,19
54,Eugenie,Jeremiah,ejeremiah1h@stumbleupon.com,Female,75.127.124.243,71
55,Glyn,Simic,gsimic1i@creativecommons.org,Male,92.226.126.54,50
56,Tyne,Lauritzen,tlauritzen1j@nyu.edu,Female,218.153.138.154,77
57,Anthony,Nulty,anulty1k@plala.or.jp,Male,144.163.107.111,12
58,Turner,Lambarth,tlambarth1l@twitter.com,Male,135.118.173.132,25
59,Sonny,Walesby,swalesby1m@constantcontact.com,Male,189.236.53.127,34
60,Luella,Antonioni,lantonioni1n@wordpress.com,Female,79.199.85.13,8
61,Win,Handman,whandman1o@latimes.com,Male,69.227.154.183,82
62,Shani,Merlin,smerlin1p@freewebs.com,Female,182.86.60.130,20
63,Gris,Berens,gberens1q@acquirethisname.com,Male,190.181.60.130,26
64,Findlay,Groucutt,fgroucutt1r@geocities.jp,Male,59.248.113.62,84
65,Valina,Dando,vdando1s@fda.gov,Female,38.154.203.33,86
66,Jayme,Waldock,jwaldock1t@angelfire.com,Genderqueer,73.90.251.41,43
67,Bea,Suggitt,bsuggitt1u@state.gov,Female,12.59.134.248,100
68,Perle,Tupman,ptupman1v@opensource.org,Female,116.167.69.199,66
69,Ebenezer,Ripsher,eripsher1w@nbcnews.com,Male,86.233.194.236,67
70,Chloe,Uttley,cuttley1x@domainmarket.com,Female,229.9.208.51,48
71,Hildy,Howship,hhowship1y@blog.com,Female,102.192.20.107,87
72,Madelyn,Grutchfield,mgrutchfield1z@over-blog.com,Female,172.229.188.175,42
73,Myranda,Leatherborrow,mleatherborrow20@indiatimes.com,Female,100.87.2.137,18
74,Rudiger,Sygrove,rsygrove21@arstechnica.com,Male,224.96.144.150,58
75,Julius,Raittie,jraittie22@google.de,Male,236.113.186.70,34
76,Paulo,Churchward,pchurchward23@hugedomains.com,Male,197.61.97.84,65
77,Mohandas,Shalcras,mshalcras24@google.it,Male,122.6.162.198,60
78,Ardisj,Cheshir,acheshir25@live.com,Female,224.17.12.211,68
79,Sylvan,Elcoate,selcoate26@washingtonpost.com,Male,208.177.50.211,60
80,Phip,Hessenthaler,phessenthaler27@wired.com,Male,214.245.165.111,9
81,Cecelia,Andrault,candrault28@pinterest.com,Genderqueer,81.91.243.12,48
82,Etienne,Pasek,epasek29@multiply.com,Male,118.206.64.12,5
83,Elga,Walsh,ewalsh2a@cdbaby.com,Agender,120.55.220.249,37
84,Christoph,Langlois,clanglois2b@ifeng.com,Male,92.180.72.253,68
85,Jessa,Kilgrove,jkilgrove2c@loc.gov,Female,55.94.161.37,66
86,Skipper,Conaghan,sconaghan2d@examiner.com,Male,170.61.162.244,45
87,Art,Coch,acoch2e@ow.ly,Male,208.177.163.121,49
88,Saxe,Boddy,sboddy2f@flavors.me,Male,23.220.129.42,63
89,Wood,Cudworth,wcudworth2g@indiatimes.com,Male,180.157.184.242,79
90,Gerald,Frankcombe,gfrankcombe2h@sbwire.com,Male,2.117.17.84,51
91,Monroe,Roller,mroller2i@is.gd,Bigender,48.121.69.189,98
92,Pearle,Chrishop,pchrishop2j@deviantart.com,Female,211.74.178.117,11
93,Harrie,Purver,hpurver2k@usnews.com,Agender,63.121.17.104,8
94,Bond,Stitle,bstitle2l@blogspot.com,Male,78.117.210.166,61
95,Augustus,Maraga,amaraga2m@meetup.com,Male,183.192.249.176,76
96,Asher,Phillps,aphillps2n@reuters.com,Male,41.154.148.73,45
97,Sula,Mateu,smateu2o@ed.gov,Female,242.252.106.54,63
98,Nanette,Wolfenden,nwolfenden2p@xing.com,Agender,220.216.45.181,32
99,Querida,Noel,qnoel2q@google.co.jp,Bigender,166.214.175.241,70
100,Channa,Roostan,croostan2r@sitemeter.com,Agender,98.48.53.38,28
101,Leticia,Lafferty,llafferty2s@sciencedirect.com,Bigender,4.60.136.177,16
102,Dorey,Maneylaws,dmaneylaws2t@bloglovin.com,Female,201.209.6.2,21
103,Eloise,Mikalski,emikalski2u@facebook.com,Female,204.79.231.24,42
104,Isabella,Zealey,izealey2v@tinypic.com,Female,244.255.141.61,95
105,Layla,Camilletti,lcamilletti2w@diigo.com,Female,251.41.198.25,44
106,Lefty,Bayns,lbayns2x@yahoo.com,Non-binary,241.57.122.216,71
107,Clarine,Abbott,cabbott2y@jiathis.com,Female,47.66.148.131,61
108,Sonny,Cabrera,scabrera2z@spiegel.de,Male,120.169.198.152,12
109,Bendick,Hardinge,bhardinge30@nba.com,Male,244.146.112.221,40
110,Purcell,Ramey,pramey31@behance.net,Male,117.156.159.78,34
111,Gus,Carstairs,gcarstairs32@163.com,Female,44.157.228.113,12
112,Hubie,Traske,htraske33@house.gov,Male,182.222.180.60,5
113,Philbert,Sones,psones34@list-manage.com,Male,72.150.89.129,46
114,Grady,Oran,goran35@list-manage.com,Male,168.9.222.158,84
115,Burlie,Bonhome,bbonhome36@cyberchimps.com,Male,51.253.3.144,86
116,Anna,Penson,apenson37@xrea.com,Female,193.135.101.160,46
117,Rabbi,Tybalt,rtybalt38@google.pl,Male,18.143.156.176,8
118,Mommy,Durward,mdurward39@i2i.jp,Female,168.34.41.84,15
119,Corabella,Windeatt,cwindeatt3a@amazon.de,Female,221.153.22.67,41
120,Kelley,Tegler,ktegler3b@yolasite.com,Female,17.172.180.4,39
121,Margalit,Isenor,misenor3c@dailymotion.com,Female,200.64.21.176,100
122,Mickie,Dmytryk,mdmytryk3d@shareasale.com,Male,166.50.203.128,95
123,Irwin,Johns,ijohns3e@reverbnation.com,Non-binary,83.164.19.189,58
124,Thekla,Teissier,tteissier3f@umn.edu,Female,47.111.45.155,31
125,Hastie,Macy,hmacy3g@indiatimes.com,Male,236.245.137.101,59
126,Roseann,Doswell,rdoswell3h@moonfruit.com,Female,50.28.114.190,24
127,Melonie,Scrannage,mscrannage3i@blogspot.com,Female,137.133.0.37,27
128,Blayne,Maysor,bmaysor3j@wisc.edu,Male,196.1.163.41,60
129,Mal,Viscovi,mviscovi3k@yandex.ru,Male,3.44.56.191,49
130,Earlie,MacCarter,emaccarter3l@cmu.edu,Male,39.4.39.199,88
131,Jamesy,Espinha,jespinha3m@slideshare.net,Male,186.197.10.148,44
132,Gasper,Klousner,gklousner3n@arstechnica.com,Male,84.238.207.198,77
133,Lee,Shingfield,lshingfield3o@last.fm,Male,23.124.119.211,30
134,Charmain,Guerre,cguerre3p@reddit.com,Female,229.1.26.47,87
135,Gherardo,Halladey,ghalladey3q@pinterest.com,Male,6.188.36.163,2
136,Remington,Grasner,rgrasner3r@yolasite.com,Male,203.94.115.223,4
137,Melany,Naul,mnaul3s@ameblo.jp,Female,152.107.12.103,33
138,Carney,Heam,cheam3t@vistaprint.com,Male,23.151.61.30,97
139,Fritz,Biers,fbiers3u@vk.com,Male,108.136.102.58,20
140,Meris,Woollons,mwoollons3v@123-reg.co.uk,Female,42.198.208.56,52
141,Georgena,Doeg,gdoeg3w@lulu.com,Female,168.224.66.237,60
142,Dario,Sculpher,dsculpher3x@cocolog-nifty.com,Male,10.151.59.69,62
143,Janie,Jacqueminet,jjacqueminet3y@pinterest.com,Female,37.44.63.83,35
144,Kaylee,Sandells,ksandells3z@examiner.com,Female,235.225.199.86,51
145,Diena,Woodes,dwoodes40@stumbleupon.com,Female,7.232.44.112,64
146,Vivien,O' Borne,voborne41@bluehost.com,Female,124.201.128.15,63
147,Deane,Presley,dpresley42@csmonitor.com,Male,217.252.41.214,1
148,Zachery,Whittlesea,zwhittlesea43@trellian.com,Male,64.190.41.0,89
149,Flora,Anstice,fanstice44@prnewswire.com,Female,233.234.255.233,83
150,Mic,Merring,mmerring45@ask.com,Male,41.78.179.233,76
151,Gabbie,Troth,gtroth46@diigo.com,Female,164.67.18.70,79
152,Freemon,Edinburough,fedinburough47@engadget.com,Male,32.40.108.117,50
153,Seth,McGonnell,smcgonnell48@deviantart.com,Male,65.26.82.147,43
154,Pegeen,Bernardon,pbernardon49@themeforest.net,Female,145.0.20.84,39
155,Puff,Skains,pskains4a@xing.com,Male,135.54.161.221,15
156,Carlie,Domone,cdomone4b@google.cn,Male,216.90.145.32,57
157,Hallsy,Setter,hsetter4c@opera.com,Male,203.111.190.166,6
158,Ronda,Kipping,rkipping4d@newyorker.com,Female,44.98.20.249,87
159,Pieter,Santoro,psantoro4e@cbslocal.com,Male,104.245.203.31,82
160,Kelsy,Vedmore,kvedmore4f@twitter.com,Genderqueer,252.237.65.139,37
161,Felicle,Colleran,fcolleran4g@virginia.edu,Female,161.82.181.214,78
162,Sanderson,Sandeson,ssandeson4h@weebly.com,Male,132.196.70.140,83
163,Northrop,Igonet,nigonet4i@blogger.com,Male,30.72.13.143,53
164,Panchito,Earey,pearey4j@google.cn,Male,101.130.137.167,75
165,Ruthanne,Jiricka,rjiricka4k@sciencedaily.com,Female,224.128.189.236,95
166,Ibbie,Aylwin,iaylwin4l@issuu.com,Genderqueer,4.179.68.242,82
167,Clyde,Hurdidge,churdidge4m@utexas.edu,Male,198.218.128.241,47
168,Flossi,Beville,fbeville4n@etsy.com,Female,172.37.150.15,54
169,Borg,Delieu,bdelieu4o@squarespace.com,Male,253.2.50.115,24
170,Gerry,Siddens,gsiddens4p@infoseek.co.jp,Male,54.153.73.182,10
171,Verena,Harber,vharber4q@si.edu,Female,173.118.96.130,2
172,Arlena,Kenneway,akenneway4r@cnbc.com,Female,87.81.164.51,50
173,Rouvin,Rengger,rrengger4s@huffingtonpost.com,Male,75.161.143.39,56
174,Farley,Vlasin,fvlasin4t@dropbox.com,Male,186.166.145.34,75
175,Sarajane,Lundberg,slundberg4u@simplemachines.org,Female,1.50.48.89,31
176,Jarid,Vasyutin,jvasyutin4v@twitter.com,Male,136.115.198.80,7
177,Layney,Awcock,lawcock4w@zimbio.com,Female,107.29.4.49,84
178,Aida,Cowley,acowley4x@comsenz.com,Female,236.59.229.168,86
179,Malia,Gatty,mgatty4y@google.cn,Female,221.179.243.205,97
180,Wendell,Evenden,wevenden4z@who.int,Male,182.56.246.155,48
181,Concettina,Butt,cbutt50@list-manage.com,Female,25.249.114.57,21
182,Danna,Colvie,dcolvie51@un.org,Female,181.30.224.106,54
183,Laurena,Macek,lmacek52@clickbank.net,Female,219.70.71.51,14
184,Cirilo,Burrett,cburrett53@mysql.com,Male,231.233.191.72,82
185,Virge,Velez,vvelez54@mozilla.com,Male,90.145.124.152,92
186,Andriette,Cinnamond,acinnamond55@alexa.com,Female,153.165.4.226,72
187,Antonino,Sharpin,asharpin56@newyorker.com,Male,54.101.179.50,34
188,Andrei,Gurdon,agurdon57@apache.org,Female,143.245.231.253,31
189,Melony,Fairbourn,mfairbourn58@harvard.edu,Female,11.249.12.193,50
190,Maryellen,Schouthede,mschouthede59@sbwire.com,Female,217.74.160.212,47
191,Hallie,Ketteman,hketteman5a@springer.com,Female,44.118.170.69,91
192,Hayley,Yell,hyell5b@ox.ac.uk,Female,216.224.23.7,17
193,Jessalyn,Duckworth,jduckworth5c@geocities.jp,Female,154.91.59.21,37
194,Jyoti,Lindhe,jlindhe5d@twitpic.com,Female,168.110.153.67,78
195,Dosi,Aingel,daingel5e@icq.com,Female,188.57.199.154,96
196,Sigvard,Babinski,sbabinski5f@elpais.com,Male,37.82.57.238,14
197,Garold,Allmen,gallmen5g@aboutads.info,Male,147.162.100.82,27
198,Cara,Ridgers,cridgers5h@ifeng.com,Female,136.40.172.232,34
199,Harwell,Pincott,hpincott5i@com.com,Male,236.175.123.56,44
200,Ilario,Ffrench,iffrench5j@nasa.gov,Male,232.157.72.45,94
201,Amber,Willmot,awillmot5k@photobucket.com,Female,209.186.202.216,84
202,Allyce,Ackery,aackery5l@pen.io,Female,39.205.148.242,72
203,Maddie,Antecki,mantecki5m@mashable.com,Female,70.36.150.207,66
204,Ursulina,Newick,unewick5n@list-manage.com,Female,26.39.141.253,30
205,Keane,Evangelinos,kevangelinos5o@indiatimes.com,Male,236.137.146.78,51
206,Drucie,Reary,dreary5p@instagram.com,Female,48.57.45.106,86
207,Haily,Edgecombe,hedgecombe5q@scribd.com,Female,208.40.139.33,1
208,Mord,Seyfart,mseyfart5r@cloudflare.com,Male,119.197.94.63,28
209,Gerda,Proschke,gproschke5s@youtu.be,Female,188.140.209.244,62
210,Dannie,Innerstone,dinnerstone5t@elpais.com,Male,236.37.84.67,47
211,Fernanda,Huggons,fhuggons5u@ucoz.com,Female,198.34.195.224,51
212,Esme,Charters,echarters5v@cnbc.com,Female,26.255.193.46,28
213,Ninnetta,Ferreri,nferreri5w@globo.com,Female,149.245.92.90,53
214,Fowler,Fulloway,ffulloway5x@globo.com,Male,176.55.131.11,92
215,Averill,Mackerel,amackerel5y@barnesandnoble.com,Male,180.212.238.110,58
216,Mei,Noulton,mnoulton5z@bloomberg.com,Female,226.0.136.206,8
217,Gerladina,Sidaway,gsidaway60@addthis.com,Genderqueer,102.11.14.163,55
218,Kort,Alloisi,kalloisi61@360.cn,Agender,41.192.137.126,43
219,Travus,Rusted,trusted62@japanpost.jp,Male,217.221.139.195,40
220,Barbara-anne,Deamer,bdeamer63@bing.com,Female,44.66.73.219,90
221,Chris,Iacobetto,ciacobetto64@skyrock.com,Female,163.71.210.146,81
222,Arvy,Viegas,aviegas65@psu.edu,Male,165.106.123.171,96
223,Danya,Honeywood,dhoneywood66@cafepress.com,Male,205.59.47.135,67
224,Neddie,Constanza,nconstanza67@stumbleupon.com,Male,206.204.175.135,80
225,Meyer,Wainwright,mwainwright68@unc.edu,Male,243.129.229.125,76
226,Donny,Leftridge,dleftridge69@deliciousdays.com,Female,80.177.151.195,7
227,Astrix,Berntsson,aberntsson6a@bandcamp.com,Female,58.237.154.237,8
228,Willa,McDermott,wmcdermott6b@ftc.gov,Female,156.73.50.141,34
229,Hatti,Sheppey,hsheppey6c@ebay.co.uk,Female,104.78.122.78,74
230,Sampson,Amorts,samorts6d@163.com,Male,119.102.3.205,8
231,Mabel,Tabbitt,mtabbitt6e@arstechnica.com,Female,89.31.248.199,32
232,Toddie,Marley,tmarley6f@xrea.com,Male,49.140.70.79,61
233,Celle,Rawsthorne,crawsthorne6g@paginegialle.it,Female,127.136.162.57,18
234,Boyd,Rutherforth,brutherforth6h@naver.com,Male,230.181.218.200,57
235,Kean,Echalie,kechalie6i@java.com,Male,229.93.81.206,55
236,Sherwynd,De Hooch,sdehooch6j@networksolutions.com,Male,187.139.132.114,81
237,Arty,Veysey,aveysey6k@webs.com,Male,115.172.248.109,86
238,Berni,Tollady,btollady6l@gmpg.org,Female,242.28.226.169,55
239,Gayel,Abdie,gabdie6m@baidu.com,Female,45.15.137.250,8
240,Deerdre,Brunskill,dbrunskill6n@state.tx.us,Female,223.62.96.81,51
241,Jeffry,MacMorland,jmacmorland6o@opensource.org,Male,191.37.78.57,43
242,Kalinda,Maskell,kmaskell6p@cam.ac.uk,Female,117.190.227.113,47
243,Lamond,Thieme,lthieme6q@sakura.ne.jp,Male,174.127.109.211,93
244,Menard,Mancktelow,mmancktelow6r@biglobe.ne.jp,Male,155.210.230.20,59
245,Parker,Trippett,ptrippett6s@people.com.cn,Male,86.164.152.3,89
246,Ted,Portigall,tportigall6t@sourceforge.net,Female,127.206.32.155,76
247,Burg,Bracken,bbracken6u@fotki.com,Male,39.165.235.184,1
248,Eugine,Worcester,eworcester6v@examiner.com,Female,76.158.78.61,97
249,Hamlin,Deyenhardt,hdeyenhardt6w@weebly.com,Male,58.217.132.101,90
250,Cirstoforo,Chazelas,cchazelas6x@ocn.ne.jp,Male,53.7.151.214,28
251,Halie,Moyser,hmoyser6y@tiny.cc,Female,119.7.168.241,28
252,Ruprecht,Braga,rbraga6z@tamu.edu,Male,182.40.198.104,94
253,Abbott,McCrainor,amccrainor70@gnu.org,Polygender,95.104.148.29,53
254,Renato,Caldes,rcaldes71@angelfire.com,Male,139.154.231.228,76
255,Libbi,Hurdiss,lhurdiss72@economist.com,Female,107.160.34.244,43
256,Chickie,Roome,croome73@de.vu,Female,162.20.141.120,25
257,Taber,Morforth,tmorforth74@icq.com,Male,122.100.197.65,20
258,Issiah,Gurko,igurko75@webnode.com,Male,27.228.162.156,41
259,Wittie,Atyeo,watyeo76@skype.com,Male,238.146.24.24,36
260,Matty,Windrum,mwindrum77@mit.edu,Female,222.16.195.166,95
261,Christiano,Joslin,cjoslin78@qq.com,Male,60.250.173.79,18
262,Killian,Vedenyapin,kvedenyapin79@freewebs.com,Male,241.199.131.151,54
263,Taddeo,Checcucci,tcheccucci7a@addtoany.com,Male,185.47.138.210,61
264,Willey,Hessay,whessay7b@clickbank.net,Male,91.57.168.45,60
265,Kitty,Dunn,kdunn7c@w3.org,Female,152.75.231.129,43
266,Isabeau,Bertson,ibertson7d@tripadvisor.com,Female,67.159.228.123,74
267,Wit,Klos,wklos7e@theglobeandmail.com,Male,5.128.50.31,59
268,Wayne,Hoffmann,whoffmann7f@amazon.de,Male,159.118.148.224,20
269,Cheston,Caldero,ccaldero7g@joomla.org,Male,121.122.99.95,20
270,Forbes,Patnelli,fpatnelli7h@state.gov,Male,84.198.64.207,44
271,Spence,Ornelas,sornelas7i@harvard.edu,Male,65.50.98.81,30
272,Stacia,Luisetti,sluisetti7j@uol.com.br,Female,231.167.26.84,23
273,Issie,Ravenhill,iravenhill7k@goodreads.com,Female,28.126.215.181,46
274,Wilfred,Duffan,wduffan7l@bloglines.com,Male,133.215.91.182,39
275,Amelita,Franek,afranek7m@twitter.com,Female,184.4.135.59,85
276,Marcello,Paynton,mpaynton7n@mozilla.org,Male,136.120.55.34,88
277,Aguistin,Major,amajor7o@japanpost.jp,Male,198.198.189.140,1
278,Carlyle,Girke,cgirke7p@zimbio.com,Polygender,45.161.243.159,20
279,Nerissa,Rounsivall,nrounsivall7q@people.com.cn,Female,146.160.248.75,30
280,Tamqrah,Austen,tausten7r@cnet.com,Female,140.172.4.23,9
281,Cissy,Preist,cpreist7s@cbslocal.com,Female,220.16.231.253,90
282,Abigale,Zipsell,azipsell7t@example.com,Genderfluid,69.47.148.253,84
283,Inger,Lethcoe,ilethcoe7u@edublogs.org,Female,153.81.88.150,54
284,Sidney,Urion,surion7v@chronoengine.com,Male,96.164.234.162,85
285,Jeffrey,Bielfelt,jbielfelt7w@blogs.com,Male,248.160.181.176,10
286,Heddi,Priddle,hpriddle7x@wufoo.com,Female,171.252.24.3,43
287,Raphaela,De Hailes,rdehailes7y@ucoz.ru,Female,240.45.42.170,48
288,Kendrick,Brody,kbrody7z@github.com,Male,243.25.243.102,81
289,Rhonda,Morsley,rmorsley80@ucla.edu,Female,107.113.200.156,87
290,Benji,Pegler,bpegler81@house.gov,Male,57.179.68.254,53
291,Leeanne,Jodrellec,ljodrellec82@examiner.com,Female,147.233.192.144,36
292,Shelby,Marston,smarston83@usda.gov,Male,91.98.39.130,38
293,Janette,Borleace,jborleace84@virginia.edu,Female,140.93.85.155,77
294,Freda,Sreenan,fsreenan85@samsung.com,Female,37.45.35.53,72
295,Levi,MacKereth,lmackereth86@g.co,Male,155.107.178.145,65
296,Chevalier,Katte,ckatte87@time.com,Male,68.200.30.246,8
297,Marlo,Giovannilli,mgiovannilli88@purevolume.com,Non-binary,126.108.120.241,83
298,Monte,Legg,mlegg89@zdnet.com,Male,53.158.39.109,68
299,Sheila,Whettleton,swhettleton8a@domainmarket.com,Female,181.40.128.208,75
300,Bobinette,Wyd,bwyd8b@hugedomains.com,Female,114.42.146.54,12
301,Onida,Steggals,osteggals8c@forbes.com,Female,248.209.246.208,72
302,Leigh,Gathwaite,lgathwaite8d@google.ru,Male,255.41.70.228,12
303,Gennifer,Banane,gbanane8e@nationalgeographic.com,Female,97.70.88.220,88
304,Webb,Lamar,wlamar8f@feedburner.com,Male,70.77.26.39,34
305,Allix,Keitley,akeitley8g@flickr.com,Female,79.176.128.83,100
306,Velvet,Rabbatts,vrabbatts8h@cpanel.net,Female,132.233.71.114,99
307,Timmie,Carss,tcarss8i@theguardian.com,Female,233.138.172.199,12
308,Sherlocke,Gudgin,sgudgin8j@networkadvertising.org,Male,74.42.152.69,16
309,Lynde,Totman,ltotman8k@state.gov,Female,190.136.88.180,94
310,Sandy,Corkill,scorkill8l@ycombinator.com,Male,39.180.243.34,93
311,Riordan,Coltart,rcoltart8m@yellowpages.com,Male,44.10.181.2,73
312,Blondy,Wilfinger,bwilfinger8n@scribd.com,Female,113.65.141.144,80
313,Jeanna,Brigg,jbrigg8o@nationalgeographic.com,Female,89.16.103.157,19
314,Carlyle,Forsdike,cforsdike8p@home.pl,Male,101.177.248.47,38
315,Alvy,Shankster,ashankster8q@github.com,Non-binary,145.210.167.135,46
316,Howie,Daventry,hdaventry8r@imdb.com,Male,88.13.180.220,80
317,Zollie,Usborn,zusborn8s@intel.com,Male,75.89.190.33,80
318,Blair,Thorley,bthorley8t@netvibes.com,Female,234.24.2.118,60
319,Chevy,Imlach,cimlach8u@upenn.edu,Male,73.0.56.62,66
320,Sarette,Luney,sluney8v@salon.com,Female,103.100.66.197,96
321,Rod,Fauning,rfauning8w@yelp.com,Male,80.217.150.170,86
322,Sherill,McMeekin,smcmeekin8x@samsung.com,Female,84.89.182.223,16
323,Nicholle,Farny,nfarny8y@wsj.com,Female,134.99.233.77,98
324,Ailee,Flippelli,aflippelli8z@yahoo.co.jp,Female,131.172.44.181,90
325,Deborah,Safe,dsafe90@booking.com,Female,72.78.68.57,92
326,Dyanne,Evennett,devennett91@home.pl,Female,34.85.109.219,100
327,Garvey,Hamelyn,ghamelyn92@time.com,Male,146.22.197.236,52
328,Desmond,Vasquez,dvasquez93@ning.com,Male,134.73.34.73,47
329,Ashely,Freathy,afreathy94@mail.ru,Female,204.227.43.223,92
330,Tanhya,Shovlar,tshovlar95@omniture.com,Female,239.221.107.123,49
331,Chickie,Howlings,chowlings96@typepad.com,Female,117.53.170.205,99
332,Sarette,Belloch,sbelloch97@weather.com,Female,46.224.40.14,51
333,Silvio,Lawlie,slawlie98@utexas.edu,Male,204.91.101.82,93
334,Aila,Jan,ajan99@usda.gov,Female,221.133.145.93,15
335,Michelina,Devons,mdevons9a@bloglovin.com,Polygender,247.192.201.37,59
336,Amalita,Abyss,aabyss9b@flavors.me,Female,79.17.255.51,75
337,Alastair,Hawton,ahawton9c@imgur.com,Male,185.187.209.203,73
338,Lani,Darnborough,ldarnborough9d@slideshare.net,Female,236.72.78.156,58
339,Addison,Boncore,aboncore9e@godaddy.com,Male,54.81.153.202,59
340,Yurik,Arnold,yarnold9f@weibo.com,Male,62.141.58.78,24
341,Bo,Fayers,bfayers9g@unblog.fr,Male,137.18.224.50,74
342,Karlens,Povlsen,kpovlsen9h@qq.com,Male,115.111.159.60,24
343,Veradis,Soares,vsoares9i@github.com,Female,36.96.101.32,42
344,Salomi,Ramiro,sramiro9j@va.gov,Female,207.127.194.229,74
345,Theodoric,Spraging,tspraging9k@hp.com,Male,111.158.133.68,58
346,Noby,Stearn,nstearn9l@examiner.com,Male,191.155.52.47,36
347,Marve,Berrecloth,mberrecloth9m@blogs.com,Male,57.199.193.78,38
348,Filippo,Thredder,fthredder9n@gov.uk,Male,53.124.235.4,58
349,Rona,Nutkin,rnutkin9o@usgs.gov,Bigender,182.161.222.242,78
350,Cynthie,Box,cbox9p@a8.net,Female,235.103.216.207,83
351,Towney,Overstall,toverstall9q@friendfeed.com,Male,165.126.174.132,92
352,Kort,Kettridge,kkettridge9r@lycos.com,Male,248.122.37.5,45
353,Fernandina,Kingzeth,fkingzeth9s@merriam-webster.com,Female,61.89.40.242,46
354,Freida,Strutley,fstrutley9t@java.com,Female,95.91.72.147,36
355,Caye,Frarey,cfrarey9u@yale.edu,Female,163.20.91.17,85
356,Raquela,Cosbee,rcosbee9v@un.org,Female,75.104.191.38,68
357,Sande,Salery,ssalery9w@w3.org,Female,252.52.208.65,64
358,Raddie,Laughton,rlaughton9x@imdb.com,Male,94.174.23.109,37
359,Leann,Schiell,lschiell9y@scientificamerican.com,Female,87.54.108.19,25
360,Selma,Scutt,sscutt9z@alexa.com,Female,170.229.89.19,78
361,Fred,Brigg,fbrigga0@deviantart.com,Polygender,181.18.57.210,22
362,Karel,Gammet,kgammeta1@europa.eu,Male,237.57.23.108,39
363,Inness,Trew,itrewa2@archive.org,Male,80.51.92.156,92
364,Birgitta,Lohering,bloheringa3@google.co.uk,Bigender,166.218.115.175,7
365,Chick,Monroe,cmonroea4@meetup.com,Male,241.47.60.52,72
366,Lutero,Roache,lroachea5@amazon.com,Male,255.204.28.8,97
367,Abby,Berge,abergea6@clickbank.net,Male,34.228.248.133,41
368,Artemis,Hoston,ahostona7@blog.com,Male,116.52.130.153,16
369,Heall,Skeldon,hskeldona8@cornell.edu,Male,240.204.148.167,77
370,Derrek,Bernollet,dbernolleta9@ocn.ne.jp,Male,242.219.191.94,99
371,Gayla,Troubridge,gtroubridgeaa@wufoo.com,Female,183.50.143.81,18
372,Tudor,Comben,tcombenab@earthlink.net,Male,253.102.69.192,23
373,Abigale,Lawden,alawdenac@smugmug.com,Female,80.105.132.103,4
374,Gannie,Fawdrie,gfawdriead@gravatar.com,Male,91.203.116.79,34
375,Zora,Grzesiewicz,zgrzesiewiczae@samsung.com,Female,86.29.230.240,61
376,Phillis,Murgatroyd,pmurgatroydaf@paypal.com,Female,101.138.253.198,75
377,Olly,Leacock,oleacockag@deliciousdays.com,Polygender,111.117.89.238,45
378,Ashlee,Armer,aarmerah@howstuffworks.com,Female,248.242.164.7,4
379,Alyssa,Cudihy,acudihyai@ted.com,Female,201.196.186.0,62
380,Nickola,Tooley,ntooleyaj@phoca.cz,Male,163.69.27.64,65
381,Katie,Hellewell,khellewellak@geocities.jp,Female,46.254.158.162,51
382,Rossie,Schroter,rschroteral@smh.com.au,Male,184.46.246.62,51
383,Dulcie,Summerlie,dsummerlieam@cnn.com,Polygender,232.224.49.162,46
384,Reagan,Kroon,rkroonan@meetup.com,Male,252.48.254.251,8
385,Brennen,Gravell,bgravellao@wsj.com,Male,142.248.88.15,16
386,Hirsch,Whitcomb,hwhitcombap@squarespace.com,Male,191.142.81.103,95
387,Marylou,McNamee,mmcnameeaq@nationalgeographic.com,Female,25.130.246.109,74
388,Sunny,Wards,swardsar@cnn.com,Female,34.86.170.214,91
389,Ariel,Rayman,araymanas@scribd.com,Female,3.75.81.240,1
390,Franky,Filipponi,ffilipponiat@aol.com,Female,125.46.233.127,77
391,Bobinette,Coppin,bcoppinau@about.com,Female,65.184.145.71,43
392,Sheila-kathryn,Baily,sbailyav@google.com,Female,178.16.231.212,67
393,Kimble,Hingeley,khingeleyaw@sciencedaily.com,Male,139.167.90.37,100
394,Sophronia,Halshaw,shalshawax@shutterfly.com,Female,95.149.100.39,4
395,Uri,Malt,umaltay@blinklist.com,Male,159.208.176.129,57
396,Dennison,Woodrough,dwoodroughaz@ocn.ne.jp,Male,199.29.149.130,9
397,Bruis,Lacoste,blacosteb0@whitehouse.gov,Male,167.133.165.232,84
398,Marsiella,Jessop,mjessopb1@aol.com,Female,96.124.131.77,10
399,Iona,Ovendale,iovendaleb2@purevolume.com,Female,50.116.230.26,95
400,Therese,Schankelborg,tschankelborgb3@springer.com,Female,244.226.89.60,40
401,Matilda,Jirusek,mjirusekb4@admin.ch,Female,193.91.141.181,46
402,Montague,Baggs,mbaggsb5@cdc.gov,Male,39.21.90.65,81
403,Letitia,Ewbank,lewbankb6@businessweek.com,Female,204.122.57.100,10
404,Jasper,Rhelton,jrheltonb7@spotify.com,Male,11.22.94.139,26
405,Maurits,Tropman,mtropmanb8@amazon.co.uk,Male,234.173.4.117,99
406,Jasper,Brosio,jbrosiob9@unesco.org,Genderqueer,237.183.168.182,6
407,Coralyn,Betty,cbettyba@typepad.com,Female,88.195.58.92,82
408,Jordan,Funcheon,jfuncheonbb@hp.com,Male,7.251.166.228,31
409,Arther,Eliaz,aeliazbc@yale.edu,Polygender,100.158.249.60,51
410,Corrina,Bishell,cbishellbd@flickr.com,Genderqueer,112.66.8.0,5
411,Ayn,Jouannisson,ajouannissonbe@walmart.com,Female,236.6.172.152,23
412,Arron,Hovenden,ahovendenbf@craigslist.org,Male,126.104.74.118,93
413,Dulce,Jikylls,djikyllsbg@fc2.com,Female,120.61.32.1,74
414,Jillane,Steabler,jsteablerbh@nifty.com,Bigender,28.172.218.233,25
415,Gloria,Muat,gmuatbi@icq.com,Female,235.49.46.202,59
416,Farrah,Bullough,fbulloughbj@github.com,Female,116.70.51.90,27
417,Kaylil,Storcke,kstorckebk@cocolog-nifty.com,Female,105.90.90.247,40
418,Glenda,Dreus,gdreusbl@shop-pro.jp,Female,105.221.33.68,12
419,Arliene,Hallitt,ahallittbm@cocolog-nifty.com,Female,12.117.106.59,4
420,Jard,Liddyard,jliddyardbn@zdnet.com,Male,182.202.89.223,42
421,Maridel,Bowhey,mbowheybo@netvibes.com,Female,48.240.254.101,71
422,Wyndham,Burdin,wburdinbp@photobucket.com,Male,251.241.180.161,49
423,Margarita,Beaglehole,mbeagleholebq@histats.com,Female,154.8.231.195,28
424,Stanwood,Wickwarth,swickwarthbr@wiley.com,Male,44.149.111.40,82
425,Marijn,Eyree,meyreebs@china.com.cn,Male,14.162.54.109,14
426,Konstantine,Woolway,kwoolwaybt@smh.com.au,Male,38.41.79.101,1
427,Derril,Camerati,dcameratibu@time.com,Male,38.193.113.184,74
428,Brooks,Sent,bsentbv@dmoz.org,Male,16.4.23.31,44
429,Katrina,Hattoe,khattoebw@360.cn,Female,9.245.147.149,92
430,Franni,Wagge,fwaggebx@typepad.com,Female,201.99.182.140,7
431,Cal,Swatheridge,cswatheridgeby@admin.ch,Male,159.58.72.69,43
432,Jesse,Goskar,jgoskarbz@dion.ne.jp,Female,83.109.50.89,19
433,Wyatt,Grimley,wgrimleyc0@ted.com,Male,4.57.166.239,88
434,Sophia,Kaesmans,skaesmansc1@wunderground.com,Female,177.129.26.51,94
435,Heidi,Cuncarr,hcuncarrc2@odnoklassniki.ru,Female,101.225.182.171,80
436,Sybilla,Stickles,ssticklesc3@usa.gov,Female,49.188.81.102,66
437,Francesco,Greenin,fgreeninc4@nifty.com,Male,131.157.243.218,3
438,Corbie,Devlin,cdevlinc5@squarespace.com,Male,250.246.243.205,70
439,Bill,Buick,bbuickc6@desdev.cn,Male,184.159.0.188,87
440,Teodoro,Tolhurst,ttolhurstc7@shinystat.com,Male,67.228.99.163,38
441,Camel,Ghost,cghostc8@columbia.edu,Female,43.211.111.43,64
442,Staffard,Renachowski,srenachowskic9@patch.com,Male,234.80.246.18,12
443,Carey,Seligson,cseligsonca@wired.com,Agender,192.99.21.115,96
444,Camile,Gerb,cgerbcb@craigslist.org,Female,237.183.254.181,60
445,Blondelle,Lindsey,blindseycc@goo.gl,Female,195.142.72.24,97
446,Jodie,Scheffel,jscheffelcd@europa.eu,Male,187.161.205.53,26
447,Christen,Busfield,cbusfieldce@discovery.com,Female,68.215.52.214,76
448,Claiborn,Gott,cgottcf@examiner.com,Male,108.192.46.52,23
449,Myrwyn,Lowson,mlowsoncg@hud.gov,Male,80.157.169.144,99
450,Ford,Hanbidge,fhanbidgech@umich.edu,Male,136.221.133.107,60
451,Truman,Di Francesco,tdifrancescoci@bbb.org,Male,166.148.61.102,24
452,Marj,Beane,mbeanecj@vk.com,Female,136.190.180.95,20
453,Jacob,Arnaldi,jarnaldick@dedecms.com,Male,166.170.209.241,55
454,Maryanne,Shorte,mshortecl@plala.or.jp,Female,7.255.228.28,77
455,Inness,Agirre,iagirrecm@epa.gov,Male,75.161.176.89,40
456,Rodney,Jesson,rjessoncn@goo.gl,Male,191.248.19.202,74
457,Adriane,Mennithorp,amennithorpco@reference.com,Genderqueer,248.180.211.248,13
458,Elane,Pash,epashcp@myspace.com,Female,254.67.105.198,54
459,Carlita,Brimilcombe,cbrimilcombecq@mozilla.org,Genderqueer,74.140.85.150,38
460,Cathryn,Graeber,cgraebercr@surveymonkey.com,Female,241.83.197.96,4
461,Arnoldo,Chambers,achamberscs@smh.com.au,Male,48.135.168.9,92
462,Jakob,Livett,jlivettct@oaic.gov.au,Male,41.77.134.37,49
463,Issiah,Breston,ibrestoncu@angelfire.com,Male,15.237.42.235,69
464,Stevena,Sly,sslycv@unblog.fr,Female,57.72.206.208,64
465,Tansy,Speers,tspeerscw@youtu.be,Female,250.132.79.220,39
466,Mariejeanne,Danko,mdankocx@amazon.co.jp,Female,69.212.156.52,7
467,Glyn,Vequaud,gvequaudcy@friendfeed.com,Bigender,102.168.8.250,67
468,Enos,Woodcroft,ewoodcroftcz@jimdo.com,Male,237.159.189.183,50
469,Adriano,Brute,abruted0@craigslist.org,Male,125.228.192.158,62
470,Lara,Apps,lappsd1@webnode.com,Female,173.84.21.255,82
471,Meredith,Edinboro,medinborod2@nhs.uk,Male,39.108.164.92,56
472,Kimberly,Extil,kextild3@fda.gov,Female,201.191.219.10,39
473,Imojean,Eastup,ieastupd4@slate.com,Female,219.111.78.231,33
474,Lib,Starrs,lstarrsd5@opensource.org,Female,201.11.17.215,78
475,Dale,Weston,dwestond6@ehow.com,Female,23.23.133.46,76
476,Gardie,Quarlis,gquarlisd7@netlog.com,Male,228.118.251.175,3
477,Vickie,Oldam,voldamd8@gmpg.org,Female,215.174.134.11,26
478,Shelden,Heathcote,sheathcoted9@cargocollective.com,Male,209.146.103.98,9
479,Gaby,Thandi,gthandida@aol.com,Female,182.98.133.145,51
480,Francyne,Scottesmoor,fscottesmoordb@hugedomains.com,Female,253.4.199.132,41
481,David,Marmon,dmarmondc@who.int,Male,164.186.17.38,83
482,Lamont,Blackshaw,lblackshawdd@smh.com.au,Male,100.29.113.144,7
483,Betsy,Sobey,bsobeyde@facebook.com,Female,22.4.124.61,93
484,Helenka,McCandless,hmccandlessdf@cisco.com,Female,214.236.11.65,33
485,Orazio,Collop,ocollopdg@arstechnica.com,Male,59.176.209.16,59
486,Angelica,Grabbam,agrabbamdh@mysql.com,Female,223.114.160.160,75
487,Care,Clive,cclivedi@live.com,Male,33.89.185.226,77
488,Stinky,Petrou,spetroudj@51.la,Male,136.81.231.57,61
489,Alejandrina,Tracey,atraceydk@statcounter.com,Female,150.12.170.176,77
490,Kariotta,Willatt,kwillattdl@naver.com,Female,64.175.107.35,62
491,Berty,Youens,byouensdm@adobe.com,Female,217.150.40.31,8
492,Henry,Eckley,heckleydn@buzzfeed.com,Male,188.213.141.77,20
493,Jed,Smoughton,jsmoughtondo@topsy.com,Male,13.130.44.2,67
494,Elset,de Quesne,edequesnedp@skype.com,Female,203.179.76.62,5
495,Orran,Hendren,ohendrendq@posterous.com,Male,57.61.74.14,46
496,Elizabet,Ferreli,eferrelidr@admin.ch,Female,198.128.214.148,73
497,Lorraine,Greatrakes,lgreatrakesds@accuweather.com,Female,212.49.86.226,94
498,Piper,Corby,pcorbydt@cdbaby.com,Female,239.167.30.80,33
499,Sullivan,Letts,slettsdu@comcast.net,Male,171.67.222.166,13
500,Bradley,Absalom,babsalomdv@apple.com,Male,76.200.5.3,27
501,Heddi,Bentsen,hbentsendw@oakley.com,Female,95.183.140.66,91
502,Haze,Wonfar,hwonfardx@uol.com.br,Male,112.114.21.220,22
503,Anny,Lorincz,alorinczdy@home.pl,Female,175.135.235.203,42
504,Haskel,Haskew,hhaskewdz@jiathis.com,Male,174.77.190.100,32
505,Bobinette,Abrahamian,babrahamiane0@github.com,Female,126.40.116.228,88
506,Westbrooke,Lyddy,wlyddye1@blogspot.com,Genderqueer,240.44.27.84,12
507,Mona,Scadden,mscaddene2@whitehouse.gov,Female,122.38.145.185,35
508,Marcellina,Gwyer,mgwyere3@ihg.com,Female,167.255.214.231,63
509,Eilis,Biggs,ebiggse4@si.edu,Female,7.99.152.10,52
510,Shannah,Radolf,sradolfe5@com.com,Female,88.180.154.236,38
511,Duke,Stiegars,dstiegarse6@squarespace.com,Male,33.114.0.52,19
512,Obadias,Babe,obabee7@fema.gov,Male,164.237.23.43,44
513,Dev,Wadley,dwadleye8@cnn.com,Male,88.18.162.153,52
514,Waring,Rains,wrainse9@wikia.com,Male,126.88.214.108,99
515,Augy,Cronk,acronkea@ftc.gov,Male,167.180.83.144,11
516,Nealson,Penritt,npenritteb@bbc.co.uk,Male,246.130.220.157,33
517,Frederica,Ordelt,fordeltec@phoca.cz,Female,228.211.245.252,72
518,Michal,Helsby,mhelsbyed@so-net.ne.jp,Male,213.156.185.22,81
519,Sallyanne,Freckleton,sfreckletonee@yandex.ru,Female,67.90.68.49,85
520,Cole,Troubridge,ctroubridgeef@irs.gov,Male,232.197.187.219,95
521,Danya,Barnewell,dbarnewelleg@flickr.com,Female,8.104.164.2,20
522,Chlo,Dawbery,cdawberyeh@marketwatch.com,Female,87.193.121.115,88
523,Reilly,Tulloch,rtullochei@bbc.co.uk,Male,111.71.63.51,74
524,Kelli,Cringle,kcringleej@tumblr.com,Female,128.113.120.247,62
525,Keenan,Delaney,kdelaneyek@wikispaces.com,Bigender,234.209.22.132,14
526,Katharina,Stigger,kstiggerel@soundcloud.com,Female,70.90.14.195,97
527,Kiley,Lucock,klucockem@loc.gov,Female,102.135.119.247,81
528,Rachele,Winterton,rwintertonen@archive.org,Female,75.59.98.223,72
529,Lona,Kiffin,lkiffineo@bbb.org,Female,207.96.102.172,86
530,Milli,Dybbe,mdybbeep@scribd.com,Female,182.217.182.61,68
531,Gary,Gerardeaux,ggerardeauxeq@meetup.com,Male,177.91.66.79,10
532,Berni,Sharply,bsharplyer@acquirethisname.com,Female,39.57.112.122,55
533,Clay,Magnus,cmagnuses@vinaora.com,Male,232.169.121.17,38
534,Aridatha,Andree,aandreeet@ca.gov,Female,221.94.189.239,8
535,Reg,Jury,rjuryeu@marriott.com,Polygender,166.197.200.186,74
536,Mavra,Ferrarotti,mferrarottiev@netscape.com,Female,119.108.122.125,25
537,Nettle,Brummitt,nbrummittew@forbes.com,Female,123.229.153.231,68
538,Balduin,Padfield,bpadfieldex@rediff.com,Male,164.107.95.240,84
539,Alric,Aldcorne,aaldcorneey@google.ca,Male,64.11.34.19,36
540,Keen,Shrimplin,kshrimplinez@ucla.edu,Male,62.11.108.71,2
541,Chip,Landman,clandmanf0@liveinternet.ru,Male,246.119.227.182,69
542,Jasun,O'Driscole,jodriscolef1@blogger.com,Male,230.59.95.69,91
543,Teddie,Biagi,tbiagif2@printfriendly.com,Male,57.115.174.186,54
544,Ulberto,Surpliss,usurplissf3@bbc.co.uk,Male,19.247.194.210,17
545,Hermione,Farndon,hfarndonf4@tmall.com,Female,89.225.212.161,93
546,Sherri,M'Chirrie,smchirrief5@blinklist.com,Female,164.77.8.156,65
547,Beryle,Christiensen,bchristiensenf6@hhs.gov,Female,4.109.240.212,16
548,Fax,Counihan,fcounihanf7@list-manage.com,Male,99.15.30.142,3
549,Elias,Reglar,ereglarf8@dropbox.com,Genderqueer,56.13.236.6,41
550,Ruben,Olyet,rolyetf9@wisc.edu,Male,27.154.85.59,81
551,Tomasine,Sumbler,tsumblerfa@wufoo.com,Genderqueer,132.57.123.44,91
552,Tymon,Sherbourne,tsherbournefb@smugmug.com,Polygender,143.223.167.201,29
553,Maryanne,Beak,mbeakfc@w3.org,Female,161.179.219.84,97
554,Marietta,Newham,mnewhamfd@discovery.com,Polygender,54.35.253.234,74
555,Addie,Hunton,ahuntonfe@wp.com,Female,20.18.249.27,42
556,Abagael,Slowley,aslowleyff@squidoo.com,Female,207.92.204.223,16
557,Selma,MacNucator,smacnucatorfg@accuweather.com,Female,99.67.86.136,86
558,Gawen,Johanchon,gjohanchonfh@ow.ly,Male,93.65.157.228,40
559,Heinrick,Daout,hdaoutfi@yahoo.co.jp,Male,89.179.24.114,37
560,Jacques,Drage,jdragefj@guardian.co.uk,Male,202.70.188.157,56
561,Gillie,De Normanville,gdenormanvillefk@nyu.edu,Female,246.207.145.70,95
562,Tabbatha,Steljes,tsteljesfl@blog.com,Female,90.74.44.128,3
563,Kathleen,Smallcombe,ksmallcombefm@ted.com,Female,193.46.187.168,55
564,Nissie,Bestwick,nbestwickfn@google.pl,Bigender,79.109.158.62,12
565,Melony,Ruseworth,mruseworthfo@goo.gl,Female,31.50.174.157,88
566,Ysabel,Gogay,ygogayfp@army.mil,Genderfluid,98.65.17.216,49
567,Antonie,Pawlik,apawlikfq@nasa.gov,Female,78.252.161.6,16
568,Giulia,Klass,gklassfr@nydailynews.com,Female,210.183.62.168,28
569,Ynes,Gunthorp,ygunthorpfs@mit.edu,Agender,12.61.61.128,56
570,Kari,Quarrington,kquarringtonft@drupal.org,Female,176.76.222.17,14
571,Patin,McAvey,pmcaveyfu@csmonitor.com,Male,204.254.153.75,9
572,Leroi,Guerrero,lguerrerofv@merriam-webster.com,Male,101.175.199.212,88
573,Shaylyn,Bosworth,sbosworthfw@typepad.com,Female,165.164.213.201,68
574,Consalve,Crowcombe,ccrowcombefx@usnews.com,Male,163.125.216.15,42
575,Iseabal,McGahey,imcgaheyfy@blog.com,Female,245.251.11.34,46
576,Thorstein,Cansdill,tcansdillfz@cbslocal.com,Male,121.105.49.246,29
577,Elonore,Weld,eweldg0@mysql.com,Female,213.210.234.160,78
578,Amelita,Boltwood,aboltwoodg1@soup.io,Female,164.250.134.141,40
579,Kaile,Hutson,khutsong2@ft.com,Female,117.131.130.203,86
580,Sibel,Torri,storrig3@narod.ru,Female,252.107.51.200,37
581,Zacherie,Byrde,zbyrdeg4@exblog.jp,Bigender,191.157.141.49,41
582,Catharina,Connick,cconnickg5@jimdo.com,Female,102.11.73.28,72
583,Ancell,Sertin,aserting6@dyndns.org,Male,28.189.18.227,44
584,Lizzie,Dawtry,ldawtryg7@buzzfeed.com,Female,122.103.5.99,39
585,Lennard,Schwandner,lschwandnerg8@admin.ch,Male,179.178.121.176,88
586,Diego,Brimson,dbrimsong9@imageshack.us,Male,127.125.56.82,10
587,Vanna,Hammerton,vhammertonga@bizjournals.com,Female,22.5.76.68,84
588,Dania,Babinski,dbabinskigb@tripadvisor.com,Female,228.246.97.84,83
589,Fenelia,Cleobury,fcleoburygc@wsj.com,Female,94.191.148.128,82
590,Wesley,Boswell,wboswellgd@weather.com,Male,124.73.249.126,95
591,Stanton,Turfitt,sturfittge@liveinternet.ru,Male,33.209.17.202,53
592,Robbi,Mathison,rmathisongf@smugmug.com,Female,21.14.20.164,21
593,Scotti,Lilburn,slilburngg@icq.com,Male,193.30.56.7,36
594,Hashim,Salan,hsalangh@walmart.com,Male,116.56.184.80,63
595,Abelard,Aldridge,aaldridgegi@reddit.com,Male,244.226.27.220,75
596,Patrice,Challens,pchallensgj@quantcast.com,Male,120.122.247.70,49
597,Orelle,Bonnor,obonnorgk@a8.net,Female,105.26.48.69,2
598,Kelvin,Stebles,ksteblesgl@auda.org.au,Male,163.57.55.233,20
599,Bidget,Vasilenko,bvasilenkogm@shinystat.com,Female,171.116.248.19,4
600,Cynde,Bosenworth,cbosenworthgn@weebly.com,Female,35.1.232.45,22
601,Guthrey,Du Hamel,gduhamelgo@uiuc.edu,Male,41.144.167.178,9
602,Kippie,Prebble,kprebblegp@ebay.com,Male,186.93.169.15,21
603,Rosette,Le Friec,rlefriecgq@microsoft.com,Female,198.13.138.151,49
604,Ruthe,Ruddlesden,rruddlesdengr@vimeo.com,Female,178.189.46.83,49
605,Bond,Shieldon,bshieldongs@shinystat.com,Male,40.171.80.9,99
606,Crosby,Burney,cburneygt@amazon.de,Male,205.95.148.231,2
607,Catlee,Vigietti,cvigiettigu@cnet.com,Female,23.161.172.215,65
608,Gertie,Caughey,gcaugheygv@oakley.com,Female,21.10.244.160,43
609,Trula,Estrella,testrellagw@fotki.com,Female,95.232.220.153,52
610,Chantal,Staniforth,cstaniforthgx@earthlink.net,Female,62.143.90.84,12
611,Fitzgerald,Nyland,fnylandgy@unesco.org,Male,9.103.104.5,46
612,Dyanna,Denisyuk,ddenisyukgz@fotki.com,Female,166.222.22.119,19
613,Jasmina,Borless,jborlessh0@nyu.edu,Female,144.142.13.104,44
614,August,Verillo,averilloh1@usgs.gov,Male,226.2.70.198,41
615,Evelina,Sproul,esproulh2@ustream.tv,Female,161.221.137.248,18
616,Marilin,Perrelli,mperrellih3@51.la,Non-binary,135.33.253.162,14
617,Maddy,Gilvary,mgilvaryh4@salon.com,Female,230.203.95.22,28
618,Hedy,Onion,honionh5@privacy.gov.au,Female,198.174.113.150,52
619,Dennison,Neasam,dneasamh6@pinterest.com,Male,156.0.175.61,20
620,Consalve,Doucette,cdoucetteh7@zdnet.com,Male,242.237.242.43,73
621,Tremain,MacScherie,tmacscherieh8@paginegialle.it,Male,214.226.71.224,56
622,Nolan,McGilleghole,nmcgillegholeh9@europa.eu,Male,128.251.97.8,57
623,Catlee,Banane,cbananeha@elegantthemes.com,Female,127.113.160.144,39
624,Fayth,Maisey,fmaiseyhb@booking.com,Female,233.162.206.48,60
625,Upton,Lydford,ulydfordhc@webeden.co.uk,Male,175.224.219.245,84
626,Beverley,Lardier,blardierhd@nytimes.com,Genderqueer,24.206.227.42,85
627,Bee,Sellwood,bsellwoodhe@patch.com,Female,22.237.211.123,29
628,Mirilla,Askey,maskeyhf@noaa.gov,Female,17.76.165.221,43
629,Nikolos,Ruckert,nruckerthg@cnet.com,Genderqueer,34.7.58.68,16
630,Fabiano,Ciciotti,fciciottihh@ask.com,Male,8.23.191.167,55
631,Coop,Birdsall,cbirdsallhi@utexas.edu,Male,90.195.196.68,20
632,Alphonse,Sawle,asawlehj@paginegialle.it,Male,104.180.59.89,69
633,Skippy,Winstone,swinstonehk@wikispaces.com,Male,149.173.13.157,4
634,Ana,Bowell,abowellhl@nbcnews.com,Female,204.175.119.25,20
635,Sheilakathryn,Degoy,sdegoyhm@sakura.ne.jp,Female,115.20.133.97,31
636,Teddy,O' Reagan,toreaganhn@sogou.com,Female,110.193.180.210,17
637,Jeno,Woodgate,jwoodgateho@rambler.ru,Male,106.139.15.80,15
638,Fiann,Rylstone,frylstonehp@histats.com,Female,104.56.26.229,85
639,Giacinta,Robelow,grobelowhq@cdc.gov,Female,200.181.200.134,11
640,Minnnie,Palke,mpalkehr@naver.com,Female,255.43.73.91,84
641,Nina,Quilty,nquiltyhs@intel.com,Genderqueer,245.199.192.47,82
642,Holly,Gromley,hgromleyht@hubpages.com,Female,44.224.123.154,70
643,Micah,Scalia,mscaliahu@hostgator.com,Genderfluid,252.148.80.203,94
644,Jesse,Walsh,jwalshhv@godaddy.com,Male,239.177.189.121,7
645,Marigold,Mohammad,mmohammadhw@gmpg.org,Genderfluid,230.38.46.187,95
646,Con,Robshaw,crobshawhx@earthlink.net,Male,144.245.128.160,24
647,Staffard,McLaverty,smclavertyhy@wsj.com,Male,207.191.3.59,1
648,Kurtis,Garshore,kgarshorehz@hibu.com,Male,170.46.63.216,5
649,Ellynn,Ambrodi,eambrodii0@scientificamerican.com,Female,147.26.17.66,63
650,Gay,Stebbin,gstebbini1@google.com.br,Male,109.213.243.102,69
651,Shaw,Hapgood,shapgoodi2@narod.ru,Male,223.0.242.8,38
652,Herby,Clinnick,hclinnicki3@mayoclinic.com,Male,133.247.10.77,51
653,Britteny,Briand,bbriandi4@alexa.com,Female,170.179.150.18,83
654,Raphael,Mullett,rmulletti5@miibeian.gov.cn,Male,71.101.43.26,46
655,Keriann,Braizier,kbraizieri6@indiegogo.com,Female,159.84.85.20,88
656,Cathrin,Penney,cpenneyi7@go.com,Female,184.61.44.226,100
657,Nobie,Lehr,nlehri8@example.com,Male,128.21.202.161,25
658,Channa,McQuillan,cmcquillani9@constantcontact.com,Female,56.31.125.2,69
659,Allyson,Scarman,ascarmania@scientificamerican.com,Female,50.147.41.74,80
660,Decca,Shewsmith,dshewsmithib@salon.com,Male,172.63.32.70,78
661,Heath,Warratt,hwarrattic@slashdot.org,Female,53.132.213.127,18
662,Veronique,Dulake,vdulakeid@sun.com,Female,115.169.209.161,67
663,Levy,Such,lsuchie@berkeley.edu,Male,17.85.181.147,99
664,Kienan,McPhillimey,kmcphillimeyif@tamu.edu,Male,89.56.4.14,38
665,Emlynn,Cleveley,ecleveleyig@yandex.ru,Female,18.222.108.34,99
666,Noam,Semeradova,nsemeradovaih@virginia.edu,Male,119.242.18.189,12
667,Alexia,Gother,agotherii@myspace.com,Female,119.24.129.96,68
668,Tabor,Caseri,tcaseriij@geocities.jp,Male,159.195.241.252,80
669,Fraze,Dolley,fdolleyik@archive.org,Male,247.196.63.128,80
670,Humfrid,Robun,hrobunil@addthis.com,Male,241.88.130.128,99
671,Sissy,Girkin,sgirkinim@google.cn,Female,34.206.227.125,97
672,Kaile,Toffoloni,ktoffoloniin@csmonitor.com,Female,52.223.93.254,6
673,Riki,Plaide,rplaideio@free.fr,Female,168.18.217.159,38
674,Gus,Jewster,gjewsterip@naver.com,Female,212.76.2.206,29
675,Sigismund,Jeffreys,sjeffreysiq@ebay.co.uk,Male,112.170.209.2,33
676,Tucky,Willmetts,twillmettsir@arizona.edu,Genderfluid,80.11.20.148,100
677,Caresa,Spurgeon,cspurgeonis@biglobe.ne.jp,Female,100.180.19.222,5
678,Celinda,Argente,cargenteit@51.la,Female,89.159.196.51,60
679,Joanne,Sparke,jsparkeiu@chronoengine.com,Female,83.202.23.250,30
680,Aaren,Dragonette,adragonetteiv@google.com.au,Female,52.99.8.245,25
681,Gayelord,Knifton,gkniftoniw@discovery.com,Male,103.60.202.122,69
682,Justina,Elderton,jeldertonix@prlog.org,Female,162.129.102.154,31
683,James,Edgcumbe,jedgcumbeiy@scribd.com,Male,148.56.200.156,99
684,Bradley,Keysel,bkeyseliz@globo.com,Male,40.238.61.89,12
685,Star,Royl,sroylj0@themeforest.net,Female,72.84.250.94,16
686,Derril,Pontefract,dpontefractj1@wp.com,Male,178.123.107.209,23
687,Carter,Fancourt,cfancourtj2@ask.com,Male,120.62.235.24,79
688,Cthrine,Horbart,chorbartj3@bing.com,Female,250.65.145.134,21
689,Melodie,Meharg,mmehargj4@netlog.com,Agender,201.153.187.62,89
690,Jordon,Mattsson,jmattssonj5@paypal.com,Male,107.229.146.82,96
691,Antonietta,McDarmid,amcdarmidj6@deviantart.com,Female,139.97.238.122,11
692,Burk,McGready,bmcgreadyj7@uiuc.edu,Male,95.218.189.29,29
693,Stoddard,Seavers,sseaversj8@mail.ru,Female,158.72.249.227,80
694,Delly,McBay,dmcbayj9@nydailynews.com,Female,161.165.113.140,54
695,Revkah,Siggers,rsiggersja@senate.gov,Female,16.103.148.221,15
696,Vernen,Pepys,vpepysjb@storify.com,Male,8.244.65.28,49
697,Vaclav,Cosford,vcosfordjc@bandcamp.com,Male,51.31.79.171,98
698,Floyd,Tranckle,ftrancklejd@army.mil,Male,61.78.132.63,16
699,Miner,Philipsen,mphilipsenje@reference.com,Male,236.216.58.97,31
700,Dorine,McCanny,dmccannyjf@thetimes.co.uk,Female,36.100.163.148,16
701,Katine,Pigot,kpigotjg@tumblr.com,Female,95.255.17.59,52
702,Stinky,Beagin,sbeaginjh@over-blog.com,Genderqueer,97.129.110.122,1
703,Eba,Farreil,efarreilji@geocities.jp,Female,214.161.110.78,42
704,Ernst,Skittrall,eskittralljj@spotify.com,Polygender,115.183.244.66,66
705,Dorene,Gover,dgoverjk@geocities.com,Female,224.59.41.198,48
706,Dodie,Grigorkin,dgrigorkinjl@abc.net.au,Female,20.31.209.67,2
707,Rick,Tosdevin,rtosdevinjm@mit.edu,Male,223.202.201.207,54
708,Erny,Garfit,egarfitjn@macromedia.com,Male,151.76.148.154,52
709,Constantina,Sommerled,csommerledjo@parallels.com,Female,102.82.251.177,33
710,Dulsea,Gidney,dgidneyjp@arstechnica.com,Female,246.26.82.49,25
711,Ray,Leadbeatter,rleadbeatterjq@wisc.edu,Male,155.114.105.145,90
712,Roch,Batrip,rbatripjr@samsung.com,Female,107.6.132.96,40
713,Gerik,Maiden,gmaidenjs@moonfruit.com,Male,173.130.146.191,37
714,Randi,Bending,rbendingjt@bloomberg.com,Polygender,78.63.143.130,4
715,Bryna,Woolhouse,bwoolhouseju@google.nl,Female,109.95.11.231,40
716,Yalonda,Howlin,yhowlinjv@hugedomains.com,Female,28.65.66.248,22
717,Katlin,Fletcher,kfletcherjw@homestead.com,Female,134.50.192.239,80
718,Willi,Spores,wsporesjx@ebay.com,Female,58.29.72.49,43
719,Muffin,Skeath,mskeathjy@hatena.ne.jp,Female,187.200.205.145,57
720,Shanon,Amphlett,samphlettjz@parallels.com,Female,218.35.104.137,3
721,Valentina,Pimblett,vpimblettk0@github.io,Female,248.67.216.18,35
722,Hakim,Austin,haustink1@livejournal.com,Male,55.155.51.185,18
723,Glen,Emberton,gembertonk2@samsung.com,Female,201.98.168.172,92
724,Dom,Beslier,dbeslierk3@about.me,Male,154.165.12.68,75
725,Gaven,Bruyntjes,gbruyntjesk4@php.net,Male,8.153.125.82,35
726,Jacquenetta,Arpino,jarpinok5@nhs.uk,Female,219.209.191.128,28
727,Sharon,Feld,sfeldk6@joomla.org,Female,125.250.229.211,96
728,Hymie,Petrussi,hpetrussik7@imageshack.us,Male,179.18.164.23,17
729,Chevalier,Drillingcourt,cdrillingcourtk8@google.com.br,Male,46.20.188.185,49
730,Douglas,Message,dmessagek9@pen.io,Male,10.249.44.58,20
731,Rianon,Leggin,rlegginka@google.ru,Female,141.158.41.141,72
732,Ruby,Heers,rheerskb@hhs.gov,Female,197.86.42.225,34
733,Berky,Batalle,bbatallekc@harvard.edu,Male,178.181.162.100,83
734,Darrin,Lode,dlodekd@behance.net,Male,75.239.156.171,29
735,Francyne,Jinda,fjindake@xing.com,Female,44.254.103.122,14
736,Iona,Lukianov,ilukianovkf@usa.gov,Female,139.58.105.89,55
737,Moses,Bome,mbomekg@cornell.edu,Male,199.246.175.237,68
738,Tucky,McBeith,tmcbeithkh@bizjournals.com,Male,151.149.11.226,88
739,Delila,Hawthorn,dhawthornki@php.net,Female,77.22.201.146,10
740,Lewiss,Trineman,ltrinemankj@gizmodo.com,Male,109.10.163.77,76
741,Pooh,Robben,probbenkk@merriam-webster.com,Female,144.211.164.0,86
742,Sanderson,Broschek,sbroschekkl@sourceforge.net,Polygender,154.68.159.181,61
743,Bentlee,Burdikin,bburdikinkm@who.int,Male,243.31.10.136,96
744,Shepherd,Grint,sgrintkn@boston.com,Male,101.224.134.73,43
745,Carol-jean,Eyckel,ceyckelko@lulu.com,Female,146.87.49.156,56
746,Walliw,Bownes,wbowneskp@woothemes.com,Female,160.246.122.37,56
747,Cirillo,Kleinplac,ckleinplackq@geocities.jp,Male,120.196.189.16,89
748,Vito,Cobby,vcobbykr@blogtalkradio.com,Male,230.25.244.200,45
749,Rebekkah,Lawtey,rlawteyks@wired.com,Female,183.178.26.220,49
750,Mathilde,Klewi,mklewikt@nasa.gov,Female,111.92.253.33,20
751,Heather,Sneller,hsnellerku@sphinn.com,Female,146.127.74.26,5
752,Fredelia,Hurt,fhurtkv@cdc.gov,Genderfluid,223.2.109.243,69
753,Camey,Castagno,ccastagnokw@microsoft.com,Male,23.165.114.86,92
754,Melisent,Hun,mhunkx@hugedomains.com,Female,76.247.103.169,37
755,Hyacinthie,Jiroutka,hjiroutkaky@theglobeandmail.com,Female,93.136.22.25,83
756,Normy,Bleddon,nbleddonkz@sitemeter.com,Male,26.142.250.172,76
757,Tisha,MacNockater,tmacnockaterl0@reuters.com,Female,107.7.80.92,72
758,Germana,Blackden,gblackdenl1@tripadvisor.com,Female,148.76.157.128,7
759,Kyle,Saggers,ksaggersl2@narod.ru,Male,81.142.166.73,45
760,Thorvald,Monelle,tmonellel3@omniture.com,Male,0.18.186.246,39
761,Perle,Borzone,pborzonel4@artisteer.com,Female,104.132.32.36,31
762,Torrence,Swansborough,tswansboroughl5@wp.com,Agender,170.221.216.239,22
763,Dollie,Dyka,ddykal6@sakura.ne.jp,Female,222.141.130.29,55
764,Edvard,Phalip,ephalipl7@liveinternet.ru,Male,45.107.59.155,87
765,Charil,Venning,cvenningl8@xing.com,Female,174.221.26.245,22
766,Rudy,Feather,rfeatherl9@live.com,Male,150.24.45.92,16
767,Emmet,Elph,eelphla@columbia.edu,Genderfluid,22.163.18.226,53
768,Barty,Giacaponi,bgiacaponilb@squarespace.com,Male,34.251.182.106,49
769,Matteo,Alliot,malliotlc@adobe.com,Male,90.189.53.148,56
770,Aland,Gauson,agausonld@blinklist.com,Male,245.91.52.233,86
771,Kala,Schistl,kschistlle@prnewswire.com,Female,151.137.91.166,52
772,Mandy,Forgan,mforganlf@csmonitor.com,Female,73.69.89.32,78
773,Katerina,Phythian,kphythianlg@yandex.ru,Female,235.49.120.92,27
774,Kermit,Kitcherside,kkitchersidelh@nasa.gov,Non-binary,120.55.69.8,57
775,Melly,Chamley,mchamleyli@baidu.com,Female,228.118.75.122,24
776,Morrie,Gabler,mgablerlj@sphinn.com,Male,250.156.104.171,53
777,Schuyler,Hadrill,shadrilllk@ibm.com,Male,238.136.70.254,46
778,Eulalie,Mogford,emogfordll@noaa.gov,Female,72.217.41.229,47
779,Jinny,Laugharne,jlaugharnelm@usatoday.com,Female,70.67.115.187,1
780,Benjamin,Petrushkevich,bpetrushkevichln@yelp.com,Male,196.12.39.200,46
781,Laureen,Peller,lpellerlo@tamu.edu,Female,228.111.100.7,45
782,Gerry,Dimitriev,gdimitrievlp@tmall.com,Genderfluid,241.237.235.44,21
783,Bernadine,Standall,bstandalllq@netvibes.com,Female,6.23.211.107,76
784,Borden,Vanni,bvannilr@privacy.gov.au,Agender,140.129.119.118,10
785,Maia,Sedgeman,msedgemanls@opensource.org,Female,204.83.73.244,54
786,Rodina,Kinmond,rkinmondlt@cloudflare.com,Female,23.72.203.77,46
787,Byran,Grombridge,bgrombridgelu@bloglovin.com,Male,63.217.73.141,40
788,Keelby,Patrone,kpatronelv@mozilla.com,Male,157.87.204.155,46
789,Madelina,Vivian,mvivianlw@ox.ac.uk,Polygender,219.200.90.190,7
790,Lutero,De L'Isle,ldelislelx@disqus.com,Male,121.33.75.201,28
791,Oralle,Huckell,ohuckellly@epa.gov,Female,44.131.140.186,59
792,Kassandra,Rankling,kranklinglz@apple.com,Female,47.52.118.188,24
793,Nanete,Bleythin,nbleythinm0@woothemes.com,Female,211.109.245.190,70
794,Ginelle,Sebert,gsebertm1@flickr.com,Female,77.223.153.183,45
795,Dore,McAlinion,dmcalinionm2@plala.or.jp,Female,242.108.10.16,84
796,Adelheid,Smead,asmeadm3@webs.com,Female,12.240.87.9,30
797,Lani,Alliot,lalliotm4@usgs.gov,Female,163.44.103.20,60
798,Helenelizabeth,Peiser,hpeiserm5@amazonaws.com,Female,206.64.209.14,53
799,Saunderson,Fibben,sfibbenm6@huffingtonpost.com,Male,209.199.50.157,46
800,Tadd,Masey,tmaseym7@miitbeian.gov.cn,Male,228.107.197.118,70
801,Trip,Bein,tbeinm8@ebay.com,Male,143.149.0.58,65
802,Christel,McVicker,cmcvickerm9@histats.com,Female,69.224.127.69,84
803,Nikolaus,Wescott,nwescottma@github.com,Male,45.227.91.241,21
804,Matilde,Gawler,mgawlermb@nih.gov,Female,207.210.154.63,70
805,Gerek,Tapsfield,gtapsfieldmc@marketwatch.com,Male,227.101.12.81,13
806,Gradey,Follows,gfollowsmd@berkeley.edu,Male,70.152.138.139,49
807,Brana,Dingivan,bdingivanme@gizmodo.com,Bigender,130.92.214.179,43
808,Paige,Yankeev,pyankeevmf@bing.com,Female,112.119.44.133,44
809,Karoly,Matteoli,kmatteolimg@google.com.hk,Male,221.107.9.45,53
810,Andy,Giuron,agiuronmh@fastcompany.com,Female,226.51.150.4,22
811,Clementia,Youles,cyoulesmi@gravatar.com,Female,127.179.171.82,60
812,Vanni,Digweed,vdigweedmj@elegantthemes.com,Female,69.218.119.57,71
813,Vivianna,Silvers,vsilversmk@amazon.de,Female,229.11.171.8,39
814,Verge,Patrone,vpatroneml@chron.com,Male,225.45.128.159,90
815,Eugine,Paragreen,eparagreenmm@simplemachines.org,Female,237.67.24.160,3
816,Sheilah,Dripps,sdrippsmn@mapy.cz,Female,134.129.125.2,38
817,Delcine,Piggrem,dpiggremmo@washington.edu,Female,55.9.99.235,14
818,Eward,Linay,elinaymp@dedecms.com,Male,96.53.191.92,69
819,Leda,Macenzy,lmacenzymq@homestead.com,Female,238.171.161.239,38
820,Noak,Sussems,nsussemsmr@deviantart.com,Male,197.119.157.170,53
821,Bonnie,Botha,bbothams@google.cn,Female,250.207.240.69,3
822,Magda,Dicty,mdictymt@dell.com,Female,94.43.3.98,97
823,Clemente,Skala,cskalamu@sun.com,Male,229.45.166.195,22
824,Lloyd,Wornham,lwornhammv@redcross.org,Agender,196.161.93.41,69
825,Corey,Lindley,clindleymw@hugedomains.com,Male,103.248.187.121,27
826,Denys,Stolting,dstoltingmx@japanpost.jp,Male,138.71.105.146,9
827,Maris,Calan,mcalanmy@rambler.ru,Female,32.181.76.93,33
828,Haze,Davidowich,hdavidowichmz@example.com,Male,152.30.44.176,14
829,Cirillo,Hymas,chymasn0@homestead.com,Male,253.199.36.230,42
830,Vernor,Brackenbury,vbrackenburyn1@google.com.hk,Male,4.61.213.107,60
831,Austine,Devonshire,adevonshiren2@dell.com,Female,127.177.125.14,51
832,Mellie,Simmins,msimminsn3@ocn.ne.jp,Female,1.178.213.194,89
833,Nelly,Faherty,nfahertyn4@springer.com,Female,99.39.79.244,17
834,Briggs,Tumility,btumilityn5@multiply.com,Male,217.187.0.9,82
835,Ibrahim,Duchant,iduchantn6@lycos.com,Male,183.66.197.34,39
836,Georgi,Boncoeur,gboncoeurn7@tumblr.com,Male,166.190.166.193,19
837,Ivory,Rastrick,irastrickn8@free.fr,Female,184.61.185.171,8
838,Frank,Mowsley,fmowsleyn9@accuweather.com,Female,150.226.19.71,40
839,Ulrick,Kigelman,ukigelmanna@com.com,Male,115.252.2.255,2
840,Konstantin,Butterwick,kbutterwicknb@mysql.com,Male,25.74.1.72,26
841,Sanders,Corbet,scorbetnc@uol.com.br,Male,82.163.185.34,44
842,Bethena,Thurman,bthurmannd@buzzfeed.com,Genderfluid,182.100.23.199,37
843,Paxon,Breedy,pbreedyne@wikipedia.org,Male,129.142.215.220,45
844,Loleta,Scorthorne,lscorthornenf@gizmodo.com,Female,194.64.225.120,85
845,Simonne,Lewsey,slewseyng@ustream.tv,Female,70.249.188.168,1
846,Ahmad,Jovicevic,ajovicevicnh@123-reg.co.uk,Male,225.37.170.49,82
847,Ev,Gettens,egettensni@posterous.com,Male,205.124.205.178,73
848,Flynn,Floyd,ffloydnj@go.com,Genderqueer,34.35.188.32,62
849,Darrell,Tedridge,dtedridgenk@soundcloud.com,Male,106.181.252.140,35
850,Rafaello,Queyeiro,rqueyeironl@bigcartel.com,Male,17.31.135.122,34
851,Englebert,Allmond,eallmondnm@icq.com,Male,162.87.70.120,45
852,Hedvige,Massel,hmasselnn@webnode.com,Female,201.98.15.144,86
853,Amabel,January,ajanuaryno@aol.com,Bigender,139.41.135.192,70
854,Gwenny,Bain,gbainnp@aol.com,Female,197.61.180.216,53
855,Myrah,Ebbers,mebbersnq@imgur.com,Female,15.25.19.91,49
856,Gregorius,Gillatt,ggillattnr@globo.com,Male,108.15.97.63,87
857,Wini,McIlmorie,wmcilmoriens@arstechnica.com,Female,241.97.86.17,51
858,Theodore,Ruzicka,truzickant@mediafire.com,Bigender,100.118.255.238,68
859,Shalna,David,sdavidnu@miitbeian.gov.cn,Female,69.162.166.74,73
860,Lana,Flagg,lflaggnv@ftc.gov,Bigender,116.221.202.197,68
861,Janetta,Ten Broek,jtenbroeknw@ihg.com,Female,74.22.128.138,60
862,Oralla,Dominy,odominynx@dailymail.co.uk,Bigender,232.90.58.171,31
863,Jonathon,Sheerman,jsheermanny@slashdot.org,Male,237.65.39.23,61
864,Charissa,Soane,csoanenz@reuters.com,Female,76.57.205.189,22
865,Sophia,Mendez,smendezo0@amazonaws.com,Female,85.175.56.157,99
866,Wilmer,Laval,wlavalo1@biblegateway.com,Male,51.175.1.49,27
867,Timothea,Gonnin,tgonnino2@sourceforge.net,Female,216.107.43.245,50
868,Marijo,Copozio,mcopozioo3@github.com,Non-binary,51.210.53.126,94
869,Zacharias,Cornelleau,zcornelleauo4@freewebs.com,Male,102.30.42.227,38
870,Benyamin,Brierly,bbrierlyo5@1und1.de,Male,236.161.200.114,48
871,Ambur,Carbry,acarbryo6@columbia.edu,Female,242.252.215.82,14
872,Dacie,Laverenz,dlaverenzo7@time.com,Female,244.221.239.110,55
873,Starlene,Baison,sbaisono8@cpanel.net,Female,46.245.120.17,8
874,Reinold,Christofe,rchristofeo9@tamu.edu,Male,116.173.110.95,23
875,Sarene,Duckwith,sduckwithoa@skyrock.com,Non-binary,67.198.117.99,59
876,Mill,Glaserman,mglasermanob@soundcloud.com,Male,64.3.167.236,51
877,Tobe,Fanshawe,tfanshaweoc@edublogs.org,Male,249.182.149.116,78
878,Teena,Crotch,tcrotchod@usnews.com,Female,184.244.144.209,44
879,Wrennie,Chilles,wchillesoe@ucsd.edu,Female,17.191.164.105,57
880,Geoff,Kleinstein,gkleinsteinof@goo.gl,Male,235.130.106.234,7
881,Nessa,Goodhay,ngoodhayog@abc.net.au,Female,54.77.54.99,87
882,Kimberley,Adshad,kadshadoh@sina.com.cn,Female,168.55.16.213,44
883,Quint,Sloegrave,qsloegraveoi@cisco.com,Male,172.203.154.95,68
884,Tanya,Eldershaw,teldershawoj@sakura.ne.jp,Female,25.224.59.205,43
885,Worthington,Giacubbo,wgiacubbook@hhs.gov,Non-binary,7.237.243.254,15
886,Ramsey,Karleman,rkarlemanol@paginegialle.it,Agender,143.75.3.157,34
887,Justin,Josephs,jjosephsom@wikia.com,Male,192.198.10.238,15
888,Paxon,Ponsford,pponsfordon@purevolume.com,Male,228.38.168.137,28
889,Dona,Beever,dbeeveroo@jalbum.net,Female,109.41.148.152,9
890,Paxon,Camacke,pcamackeop@marketwatch.com,Male,179.250.169.236,31
891,Alane,Cantwell,acantwelloq@cpanel.net,Female,156.172.99.236,2
892,Ugo,Cutajar,ucutajaror@xing.com,Male,227.174.92.73,78
893,Errol,Nassie,enassieos@thetimes.co.uk,Male,104.72.186.186,11
894,Rose,Trengove,rtrengoveot@homestead.com,Female,132.77.46.122,28
895,Estell,Haresign,eharesignou@economist.com,Female,236.171.160.10,49
896,Agnes,Arnald,aarnaldov@discuz.net,Female,205.119.195.141,35
897,Aldin,Burlay,aburlayow@bbb.org,Male,163.145.167.135,25
898,Constantino,Corradengo,ccorradengoox@surveymonkey.com,Male,75.122.255.113,21
899,Murdock,Gallichan,mgallichanoy@jiathis.com,Polygender,238.48.206.19,60
900,Dorian,Bour,dbouroz@twitter.com,Female,42.247.250.123,69
901,Kenny,Pacheco,kpachecop0@cam.ac.uk,Male,82.57.12.111,70
902,Moshe,Sandall,msandallp1@alexa.com,Male,188.116.219.60,27
903,Bailie,Milsap,bmilsapp2@accuweather.com,Male,140.105.239.252,87
904,Madelyn,Strettle,mstrettlep3@google.com,Non-binary,134.72.44.187,56
905,Barr,Yetts,byettsp4@youtu.be,Male,35.174.240.128,28
906,Shelley,Hapke,shapkep5@devhub.com,Female,107.173.32.188,30
907,Lyndsay,Castlake,lcastlakep6@virginia.edu,Female,116.120.91.56,80
908,Janel,Brooksbie,jbrooksbiep7@indiatimes.com,Genderfluid,3.183.24.72,56
909,Paulie,Roberts,probertsp8@google.nl,Female,100.250.98.110,85
910,Fidole,Truluck,ftruluckp9@google.de,Male,15.213.84.140,28
911,Lowrance,Hinge,lhingepa@cpanel.net,Male,155.223.221.9,97
912,Alaster,Stenhouse,astenhousepb@amazon.de,Male,94.91.231.41,51
913,Adelaide,Leven,alevenpc@forbes.com,Female,105.177.55.40,49
914,Shari,Lemarie,slemariepd@bluehost.com,Female,119.6.61.234,34
915,Anthony,Leydon,aleydonpe@bloomberg.com,Male,123.157.200.141,32
916,Phillip,Bush,pbushpf@japanpost.jp,Male,29.96.239.7,20
917,Wilfrid,McRobert,wmcrobertpg@pinterest.com,Male,123.154.44.11,100
918,Doy,Antham,danthamph@hao123.com,Male,34.47.140.103,87
919,Ebeneser,Gergely,egergelypi@123-reg.co.uk,Male,16.92.205.245,69
920,Alta,Campanelli,acampanellipj@usnews.com,Female,203.207.219.18,42
921,Duncan,Lindenboim,dlindenboimpk@jiathis.com,Male,151.88.29.44,82
922,Vanny,Budget,vbudgetpl@wufoo.com,Female,176.163.123.247,100
923,Aundrea,Conaboy,aconaboypm@cam.ac.uk,Female,17.213.149.198,98
924,Caryl,Bresman,cbresmanpn@mlb.com,Female,98.198.216.204,68
925,Leighton,Dollman,ldollmanpo@addtoany.com,Male,236.26.51.25,19
926,Chaim,Doyland,cdoylandpp@nytimes.com,Male,153.127.12.100,62
927,Noel,Rebbeck,nrebbeckpq@washingtonpost.com,Male,62.68.171.252,63
928,Thelma,Lowey,tloweypr@ezinearticles.com,Female,20.21.84.63,80
929,Hazel,Ruffles,hrufflesps@phpbb.com,Genderfluid,178.86.192.244,23
930,Hilario,Swindle,hswindlept@cbslocal.com,Male,7.185.175.220,9
931,Moritz,Rappport,mrappportpu@spotify.com,Male,0.26.10.20,78
932,Karry,Camel,kcamelpv@diigo.com,Female,177.48.80.245,19
933,Sophia,Donke,sdonkepw@hexun.com,Female,227.12.77.183,49
934,Matteo,Gable,mgablepx@people.com.cn,Male,232.146.34.243,3
935,Kathi,Marquis,kmarquispy@wordpress.org,Female,201.24.3.98,40
936,Sanders,Seviour,sseviourpz@webnode.com,Male,31.35.157.76,28
937,Cale,Coates,ccoatesq0@usatoday.com,Male,98.17.253.231,24
938,Whitby,Martini,wmartiniq1@oakley.com,Genderqueer,20.128.94.15,88
939,Jobie,Dulinty,jdulintyq2@facebook.com,Female,209.15.55.38,88
940,Kele,Nowakowska,knowakowskaq3@blog.com,Male,51.112.216.242,90
941,Tab,Baber,tbaberq4@booking.com,Male,10.120.71.37,8
942,Lucas,Muehle,lmuehleq5@yandex.ru,Genderfluid,53.12.124.183,42
943,Thatcher,Witchalls,twitchallsq6@berkeley.edu,Male,71.25.12.88,64
944,Kristoforo,McGaughie,kmcgaughieq7@oaic.gov.au,Male,140.91.188.15,35
945,Verna,Leddy,vleddyq8@europa.eu,Female,1.52.160.100,9
946,Glenn,Pesic,gpesicq9@sphinn.com,Female,158.111.219.24,22
947,Roxine,Fishby,rfishbyqa@themeforest.net,Female,238.180.115.254,2
948,Field,Blaszczynski,fblaszczynskiqb@squidoo.com,Male,181.79.242.45,97
949,Chick,Barthram,cbarthramqc@flickr.com,Male,225.192.19.41,53
950,Pierette,Currao,pcurraoqd@nydailynews.com,Female,115.161.101.159,53
951,Constancia,Maciak,cmaciakqe@google.com.au,Female,184.25.208.49,36
952,Laureen,Tindall,ltindallqf@cocolog-nifty.com,Female,45.211.242.4,12
953,Gertruda,Coop,gcoopqg@reuters.com,Female,249.148.207.244,88
954,Cherish,Spriggs,cspriggsqh@umich.edu,Female,228.169.222.151,93
955,Tanner,Asaaf,tasaafqi@samsung.com,Male,110.115.227.173,93
956,Netty,Clayborn,nclaybornqj@angelfire.com,Female,113.218.228.16,11
957,Millicent,Tavernor,mtavernorqk@google.pl,Genderfluid,150.137.138.49,8
958,Joye,Milverton,jmilvertonql@rakuten.co.jp,Female,202.135.243.38,77
959,Ollie,Berkelay,oberkelayqm@yahoo.com,Male,100.144.219.160,59
960,Moselle,Mayoral,mmayoralqn@state.tx.us,Female,61.240.91.17,43
961,Lowe,Annets,lannetsqo@wunderground.com,Male,32.138.128.102,7
962,Katina,Goldsberry,kgoldsberryqp@hao123.com,Female,153.226.197.242,92
963,Roana,Jowers,rjowersqq@java.com,Female,97.98.128.170,40
964,Derick,Bunker,dbunkerqr@google.de,Male,164.83.220.89,59
965,Kristien,Geggus,kgeggusqs@who.int,Female,133.118.176.34,83
966,Hamil,Delwater,hdelwaterqt@blogger.com,Male,95.208.101.143,32
967,Marni,Standing,mstandingqu@diigo.com,Female,95.148.137.167,68
968,Russell,Rotchell,rrotchellqv@fastcompany.com,Male,180.238.154.239,13
969,Truman,Marchenko,tmarchenkoqw@wikipedia.org,Male,169.232.156.98,94
970,Raul,Epsley,repsleyqx@typepad.com,Non-binary,220.215.225.84,76
971,Carina,Landeaux,clandeauxqy@baidu.com,Bigender,40.135.114.220,21
972,Dee,Fotherby,dfotherbyqz@is.gd,Female,59.4.19.182,52
973,Morlee,Fibbens,mfibbensr0@hc360.com,Male,30.83.126.212,100
974,Aluino,Still,astillr1@tuttocitta.it,Male,20.150.208.166,98
975,Wash,Summerfield,wsummerfieldr2@bloglines.com,Male,207.150.130.168,58
976,Tabbi,Cona,tconar3@elpais.com,Non-binary,238.99.55.238,18
977,Bowie,Petricek,bpetricekr4@macromedia.com,Male,100.14.23.89,3
978,Winfred,Benck,wbenckr5@webeden.co.uk,Male,62.121.26.88,14
979,Friedrich,Pyke,fpyker6@bing.com,Male,155.89.117.199,50
980,Darci,Cudbird,dcudbirdr7@accuweather.com,Female,104.190.199.139,93
981,Suzanne,Youster,syousterr8@java.com,Female,236.53.15.211,83
982,Lorena,Donaghy,ldonaghyr9@bizjournals.com,Agender,117.162.188.163,22
983,Jacquelyn,Ipgrave,jipgravera@slate.com,Female,233.183.36.142,72
984,Timmie,Mursell,tmursellrb@woothemes.com,Male,184.235.75.173,77
985,Devlen,Wohlers,dwohlersrc@tamu.edu,Male,228.187.145.68,81
986,Desirae,Chetwin,dchetwinrd@sohu.com,Female,41.231.77.204,19
987,Lolita,Jasik,ljasikre@harvard.edu,Female,220.183.187.100,59
988,Michaella,Wheildon,mwheildonrf@rakuten.co.jp,Female,130.58.129.182,94
989,Ferguson,Fone,ffonerg@miibeian.gov.cn,Male,193.36.35.215,35
990,Grover,Dallewater,gdallewaterrh@dion.ne.jp,Male,102.126.118.128,62
991,Che,Toffalo,ctoffalori@amazon.com,Male,185.209.79.211,24
992,Loella,Graysmark,lgraysmarkrj@bloglovin.com,Female,122.120.143.9,78
993,Kit,Joncic,kjoncicrk@usgs.gov,Male,16.173.125.36,92
994,Vidovic,Atkins,vatkinsrl@g.co,Male,134.245.241.88,7
995,Carleen,Caspell,ccaspellrm@alexa.com,Female,21.84.221.18,93
996,Say,Allflatt,sallflattrn@storify.com,Male,40.208.209.216,14
997,Brant,Nana,bnanaro@bbc.co.uk,Non-binary,189.0.42.108,75
998,Raff,McArthur,rmcarthurrp@wordpress.org,Male,174.148.10.96,91
999,Johny,Alti,jaltirq@walmart.com,Male,111.212.159.226,68
1000,Melessa,Matzke,mmatzkerr@ocn.ne.jp,Female,48.148.244.176,32
